Workbook

Sheet SCORE_SHEET
B2: 2 PLAYER and SOLO GAME | D2: BLUE | F2: RED | J2: 3 and 4 PLAYER GAME | L2: BLUE | N2: RED | P2: WHITE | R2: BLACK
C3: Glory | E3: =D3 -> 0 | G3: =F3 -> 0 | K3: Glory | M3: =L3 -> 0 | O3: =N3 -> 0 | Q3: =P3 -> 0 | S3: =R3 -> 0
C4: Basic Goods | E4: =D4 -> 0 | G4: =F4 -> 0 | K4: Basic Goods | M4: =L4 -> 0 | O4: =N4 -> 0 | Q4: =P4 -> 0 | S4: =R4 -> 0
C5: Processed Goods | E5: =D5*2 -> 0 | G5: =F5*2 -> 0 | K5: Processed Goods | M5: =L5*2 -> 0 | O5: =N5*2 -> 0 | Q5: =P5*2 -> 0 | S5: =R5*2 -> 0
C6: Money | E6: =INT(D6/10) -> 0 | G6: =INT(F6/10) -> 0 | K6: Money | M6: =INT(L6/10) -> 0 | O6: =INT(N6/10) -> 0 | Q6: =INT(P6/10) -> 0 | S6: =INT(R6/10) -> 0
E7: =SUM(E3:E6) -> 0 | G7: =SUM(G3:G6) -> 0 | M7: =SUM(M3:M6) -> 0 | O7: =SUM(O3:O6) -> 0 | Q7: =SUM(Q3:Q6) -> 0 | S7: =SUM(S3:S6) -> 0
C9: Hops | E9: =D9 -> 0 | G9: =F9 -> 0 | K9: Hops | M9: =L9 -> 0 | O9: =N9 -> 0 | Q9: =P9 -> 0 | S9: =R9 -> 0
C10: Cotton | E10: =D10*CALCULATIONS!E3 -> 0 | G10: =F10*CALCULATIONS!E3 -> 0 | H10: =IF(CALCULATIONS!E3=3," common",IF(CALCULATIONS!E3=4," uncommon",IF(CALCULATIONS!E3=5," rare",""))) -> rare | K10: Cotton | M10: =L10*CALCULATIONS!E9 -> 0 | O10: =N10*CALCULATIONS!E9 -> 0 | Q10: =P10*CALCULATIONS!E9 -> 0 | S10: =R10*CALCULATIONS!E9 -> 0 | T10: =IF(CALCULATIONS!E9=3," common",IF(CALCULATIONS!E9=4," uncommon",IF(CALCULATIONS!E9=5," rare",""))) -> rare
C11: Tobaco | E11: =D11*CALCULATIONS!E4 -> 0 | G11: =F11*CALCULATIONS!E4 -> 0 | H11: =IF(CALCULATIONS!E4=3," common",IF(CALCULATIONS!E4=4," uncommon",IF(CALCULATIONS!E4=5," rare",""))) -> uncommon | K11: Tobaco | M11: =L11*CALCULATIONS!E10 -> 0 | O11: =N11*CALCULATIONS!E10 -> 0 | Q11: =P11*CALCULATIONS!E10 -> 0 | S11: =R11*CALCULATIONS!E10 -> 0 | T11: =IF(CALCULATIONS!E10=3," common",IF(CALCULATIONS!E10=4," uncommon",IF(CALCULATIONS!E10=5," rare",""))) -> uncommon
C12: Sugar Cane | E12: =D12*CALCULATIONS!E5 -> 0 | G12: =F12*CALCULATIONS!E5 -> 0 | H12: =IF(CALCULATIONS!E5=3," common",IF(CALCULATIONS!E5=4," uncommon",IF(CALCULATIONS!E5=5," rare",""))) -> common | K12: Sugar Cane | M12: =L12*CALCULATIONS!E11 -> 0 | O12: =N12*CALCULATIONS!E11 -> 0 | Q12: =P12*CALCULATIONS!E11 -> 0 | S12: =R12*CALCULATIONS!E11 -> 0 | T12: =IF(CALCULATIONS!E11=3," common",IF(CALCULATIONS!E11=4," uncommon",IF(CALCULATIONS!E11=5," rare",""))) -> common
E13: =SUM(E9:E12) -> 0 | G13: =SUM(G9:G12) -> 0 | M13: =SUM(M9:M12) -> 0 | O13: =SUM(O9:O12) -> 0 | Q13: =SUM(Q9:Q12) -> 0 | S13: =SUM(S9:S12) -> 0
C15: Export Contracts | E15: =IF(AND(D16<>0,F16=0),IF(D15>6,12,IF(D15=6,8,IF(D15=5,4,0))),IF(AND(D15=F15),4,IF(D15>F15,8,0))) -> 4 | G15: =IF(AND(F16<>0,D16=0),IF(F15>6,12,IF(F15=6,8,IF(F15=5,4,0))),IF(D15=F15,4,IF(D15<F15,8,))) -> 4 | H15: =IF(AND(D16=0,F16=0),"2-PLAYER SCORING",IF(F16=0,"BLUE SOLO SCORING",IF(AND(D16=0),"RED SOLO SCORING","2-PLAYER SCORING"))) -> 2-PLAYER SCORING | K15: Export Contracts | M15: =CALCULATIONS!B16 -> 4 | O15: =CALCULATIONS!C16 -> 4 | Q15: =CALCULATIONS!D16 -> 4 | S15: =CALCULATIONS!E16 -> 4
C16: Settlements | E16: =IF(F16=0,IF(D16>13,18,IF(D16>10,12,IF(D16>7,6,0))),IF(D16=F16,6,IF(D16>F16,12,0))) -> 0 | G16: =IF(D16=0,IF(F16>13,18,IF(F16>10,12,IF(F16>7,6,0))),IF(D16=F16,6,IF(D16<F16,12,0))) -> 0 | H16: =IF(D16=F160,"","SCORING") | K16: Settlements | M16: =CALCULATIONS!B25 -> 9 | O16: =CALCULATIONS!C25 -> 9 | Q16: =CALCULATIONS!D25 -> 9 | S16: =CALCULATIONS!E25 -> 9
C18: TOTAL | D18: =E7+E13+E15+E16 -> 4 | F18: =G7+G13+G15+G16 -> 4 | K18: TOTAL | L18: =M7+M13+M15+M16 -> 13 | N18: =O7+O13+O15+O16 -> 13 | P18: =Q7+Q13+Q15+Q16 -> 13 | R18: =S7+S13+S15+S16 -> 13
D20: =IF(D18=0,"",IF(D18<116,"Newbie 0-115",IF(D18<131,"Rookie 116-130",IF(D18<146,"Average 131-145",IF(D18<161,"Expert 146-160","Genius!!! 160+"))))) -> Newbie 0-115 | F20: =IF(F18=0,"",IF(F18<116,"0-115 Newbie",IF(F18<131,"116-130 Rookie",IF(F18<146,"131-145 Average",IF(F18<161,"146-160 Expert","160+ Genius!!!"))))) -> 0-115 Newbie
C22: * EXPORT CONTRACTS and SETTLEMENTS: Solo scoring is used if zero Settlements are entered in your opponent’s column – unless both columns are zero in which case 2-player scoring is shown.

Sheet CALCULATIONS
A1: RARE GOODS SCORING – 1/2 player
B2: TOTAL IMPORTS | E2: RANK MULTIPLIER
A3: Cotton | B3: =SCORE_SHEET!D10+SCORE_SHEET!F10 -> 0 | C3: =IF(B3>B4,-1,0) -> 0 | D3: =IF(B3>B5,-1,0) -> 0 | E3: =5+C3+D3 -> 5
A4: Tobaco | B4: =SCORE_SHEET!D11+SCORE_SHEET!F11 -> 0 | C4: =IF(B4>B5,-1,0) -> 0 | D4: =IF(B4<B3,1,0) -> 0 | E4: =4+C4+D4 -> 4
A5: Sugar | B5: =SCORE_SHEET!D12+SCORE_SHEET!F12 -> 0 | C5: =IF(B5<B3,1,0) -> 0 | D5: =IF(B5<B4,1,0) -> 0 | E5: =3+C5+D5 -> 3
A7: RARE GOODS SCORING – 3/4 players
B8: TOTAL IMPORTS | E8: RANK MULTIPLIER
A9: Cotton | B9: =SCORE_SHEET!L10+SCORE_SHEET!N10+SCORE_SHEET!P10+SCORE_SHEET!R10 -> 0 | C9: =IF(B9>B10,-1,0) -> 0 | D9: =IF(B9>B11,-1,0) -> 0 | E9: =5+C9+D9 -> 5
A10: Tobaco | B10: =SCORE_SHEET!L11+SCORE_SHEET!N11+SCORE_SHEET!P11+SCORE_SHEET!R11 -> 0 | C10: =IF(B10>B11,-1,0) -> 0 | D10: =IF(B10<B9,1,0) -> 0 | E10: =4+C10+D10 -> 4
A11: Sugar | B11: =SCORE_SHEET!L12+SCORE_SHEET!N12+SCORE_SHEET!P12+SCORE_SHEET!R12 -> 0 | C11: =IF(B11<B9,1,0) -> 0 | D11: =IF(B11<B10,1,0) -> 0 | E11: =3+C11+D11 -> 3
A13: EXPORT CONTRACT BONUS – 3/4 players
A14: Contracts | B14: =SCORE_SHEET!L15 -> 0 | C14: =SCORE_SHEET!N15 -> 0 | D14: =SCORE_SHEET!P15 -> 0 | E14: =SCORE_SHEET!R15 -> 0
A15: Ranking | B15: =RANK(B14,B14:E14) -> 1 | C15: =RANK(C14,B14:E14) -> 1 | D15: =RANK(D14,B14:E14) -> 1 | E15: =RANK(E14,B14:E14) -> 1
A16: Points | B16: =INT(IF(B17>1,IF(B15=1,18/B17,0),IF(B18>1,IF(B15=1,12,IF(B15=2,6/B18,0)),IF(B15=1,12,IF(B15=2,6,0))))) -> 4 | C16: =INT(IF(B17>1,IF(C15=1,18/B17,0),IF(B18>1,IF(C15=1,12,IF(C15=2,6/B18,0)),IF(C15=1,12,IF(C15=2,6,0))))) -> 4 | D16: =INT(IF(B17>1,IF(D15=1,18/B17,0),IF(B18>1,IF(D15=1,12,IF(D15=2,6/B18,0)),IF(D15=1,12,IF(D15=2,6,0))))) -> 4 | E16: =INT(IF(B17>1,IF(E15=1,18/B17,0),IF(B18>1,IF(E15=1,12,IF(E15=2,6/B18,0)),IF(E15=1,12,IF(E15=2,6,0))))) -> 4
A17: # of 1st | B17: =COUNTIF(B15:E15,1) -> 4
A18: # of 2nd | B18: =COUNTIF(B15:E15,2) -> 0
A19: # of 3rd | B19: =COUNTIF(B15:E15,3) -> 0
A20: # of 4th | B20: =COUNTIF(B15:E15,4) -> 0
A22: SETTLEMENTS BONUS – 3/4 players
A23: Settlements | B23: =SCORE_SHEET!L16 -> 0 | C23: =SCORE_SHEET!N16 -> 0 | D23: =SCORE_SHEET!P16 -> 0 | E23: =SCORE_SHEET!R16 -> 0
A24: Ranking | B24: =RANK(B23,B23:E23) -> 1 | C24: =RANK(C23,B23:E23) -> 1 | D24: =RANK(D23,B23:E23) -> 1 | E24: =RANK(E23,B23:E23) -> 1
A25: Points | B25: =INT(IF(B26>2,IF(B24=1,36/B26,0),IF(B26=2,IF(B24=1,15,IF(B24=2,6,IF(B24=3,6/B28,0))),IF(B24=1,18,IF(B27>1,IF(B24=2,18/B27,0),IF(B24=2,12,IF(B24=3,6/B28,0))))))) -> 9 | C25: =INT(IF(B26>2,IF(C24=1,36/B26,0),IF(B26=2,IF(C24=1,15,IF(C24=2,6,IF(C24=3,6/B28,0))),IF(C24=1,18,IF(B27>1,IF(C24=2,18/B27,0),IF(C24=2,12,IF(C24=3,6/B28,0))))))) -> 9 | D25: =INT(IF(B26>2,IF(D24=1,36/B26,0),IF(B26=2,IF(D24=1,15,IF(D24=2,6,IF(D24=3,6/B28,0))),IF(D24=1,18,IF(B27>1,IF(D24=2,18/B27,0),IF(D24=2,12,IF(D24=3,6/B28,0))))))) -> 9 | E25: =INT(IF(B26>2,IF(E24=1,36/B26,0),IF(B26=2,IF(E24=1,15,IF(E24=2,6,IF(E24=3,6/B28,0))),IF(E24=1,18,IF(B27>1,IF(E24=2,18/B27,0),IF(E24=2,12,IF(E24=3,6/B28,0))))))) -> 9
A26: # of 1st | B26: =COUNTIF(B24:E24,1) -> 4
A27: # of 2nd | B27: =COUNTIF(B24:E24,2) -> 0
A28: # of 3rd | B28: =COUNTIF(B24:E24,3) -> 0
A29: # of 4th | B29: =COUNTIF(B24:E24,4) -> 0
